{
  "success": true,
  "total_queries": 451,
  "k_list": [
    1,
    3,
    5
  ],
  "hit_rate": {
    "@1": 0.3259423503325942,
    "@3": 0.41019955654101997,
    "@5": 0.4745011086474501
  },
  "mrr": 0.38152254249815226,
  "precision": {
    "@1": 0.3259423503325942,
    "@3": 0.3311160384331115,
    "@5": 0.23296378418329608
  },
  "recall": {
    "@1": 0.0676274944567626,
    "@3": 0.2072431633407243,
    "@5": 0.24186991869918675
  },
  "faithfulness_mean": null,
  "faithfulness_samples": null,
  "vectors_count": 5064,
  "timestamp": "2026-05-26T11:11:35.722254"
}