{
  "success": true,
  "total_queries": 1215,
  "k_list": [
    1,
    3,
    5
  ],
  "hit_rate": {
    "@1": 0.03539094650205761,
    "@3": 0.056790123456790124,
    "@5": 0.05843621399176955
  },
  "mrr": 0.04591220850480109,
  "precision": {
    "@1": 0.03539094650205761,
    "@3": 0.018930041152263363,
    "@5": 0.011687242798353894
  },
  "recall": {
    "@1": 0.03539094650205761,
    "@3": 0.056790123456790124,
    "@5": 0.05843621399176955
  },
  "vectors_count": "—",
  "timestamp": "2026-05-12T11:16:12.178969"
}